source_id,ra_gaia,dec_gaia,parallax,parallax_over_error,pmra,pmdec,phot_g_mean_mag,bp_rp,ruwe,distance_pc,absolute_g_mag,obsid,designation,gaia_source_id,ra_lamost,dec_lamost,snrg,class,subclass,teff,teff_err,logg,logg_err,feh,feh_err,rv,rv_err,id_match_sep_arcsec,pm_total,tangential_velocity_kms,reduced_pm_g,metallicity_group,high_vtan_candidate,metal_poor_candidate,chemo_kinematic_candidate
3084445095932542080,121.28222828799868,0.5121500147118064,4.631884144655979,188.20757,-15.15314468938655,7.702148483299611,11.034749,0.794672,1.3064831,215.89486454529452,4.363537471229144,122401162,J080507.74+003043.5,3084445095932542080,121.28228,0.512107,137.78,STAR,G3,5803.46,33.1,4.258,0.044,0.126,0.025,34.19,5.32,0.2421433666676142,16.998261241558748,17.396753664648674,7.186771497533572,solar_like,False,False,False
3084578720955039744,121.98914620543628,0.9082647806035646,0.5336973514426925,17.030481,-2.4698172638586096,-4.16028299762348,15.088555,1.0450163,1.0166372,1873.72112171214,3.725030573768787,869908188,J080757.39+005429.8,3084578720955039744,121.989136,0.908298,64.26,STAR,K1,5302.44,25.63,4.46,0.036,0.376,0.022,4.91,3.42,0.1251046906931998,4.8381765095094496,42.974226002875355,8.511963542646473,metal_rich,False,False,False
3084637098150125952,120.98828850735052,1.1862617951534729,0.7758179761022466,32.108326,-5.1448027215094,-2.8410266611621013,14.425479,0.81462955,0.9946113,1288.9621416405644,3.8742781262793784,869905029,J080357.18+011110.7,3084637098150125952,120.988291,1.186308,118.55,STAR,G2,5875.14,31.16,4.197,0.042,0.01,0.024,35.19,4.74,0.1665792193306182,5.87711047477282,35.910827991274274,8.271298272130172,solar_like,False,False,False
3084669224505393280,121.51614476199865,1.4501763091964646,1.6849378692736423,98.57206,4.752069755886471,-2.8205324804605336,12.842078,0.82282734,1.0246574,593.4936938838515,3.974997665140849,122505113,J080603.86+012700.7,3084669224505393280,121.51612,1.4502043,78.64,STAR,G4,5802.57,30.05,4.479,0.042,0.003,0.025,-7.17,4.05,0.1345190924826844,5.52608092938782,15.547291885977954,6.554164204322285,solar_like,False,False,False
3083675540871959552,121.93975278372037,0.2752292156085715,2.397850464786725,169.14507,-13.858935290958362,-15.213946335179845,10.664133,1.0707293,1.0629624,417.0401844007166,2.5632435521545425,173001111,J080745.54+001630.6,3083675540871959552,121.93978,0.2751804,100.95,STAR,G5,5119.94,27.59,3.534,0.038,0.0,0.022,-14.13,3.96,0.2012033664694178,20.579947776627215,40.6858669751724,7.231354341842614,solar_like,False,False,False
3083788996726759936,121.79659445861648,0.556744506168466,2.883714186669777,201.82233,-18.882897103568045,-6.6077448142912445,12.1712885,0.7617092,0.9823347,346.77500447949666,4.4710495602285025,122501129,J080711.18+003324.3,3083788996726759936,121.79661,0.5567699,95.05,STAR,G3,5986.81,32.94,4.383,0.046,0.026,0.027,35.84,4.63,0.1071783833062738,20.005651565363507,32.88682058521868,8.677052002552552,solar_like,False,False,False
3084473992471536384,120.6100118339368,0.359670485552188,2.71118513347428,190.81493,-0.9652380812025212,-25.90217790948389,12.78288,0.8769121,0.9277105,368.8423883906955,4.9486757015236424,122402021,J080226.40+002134.9,3084473992471536384,120.61001,0.3597127,54.28,STAR,G3,5536.62,30.18,4.399,0.043,-0.172,0.026,50.33,4.06,0.1521153491029453,25.920156346132615,45.321037666171215,9.85106808399777,solar_like,False,False,False
3084473992471536384,120.6100118339368,0.359670485552188,2.71118513347428,190.81493,-0.9652380812025212,-25.90217790948389,12.78288,0.8769121,0.9277105,368.8423883906955,4.9486757015236424,173002021,J080226.40+002134.9,3084473992471536384,120.61001,0.3597127,55.47,STAR,G5,5500.2,26.35,4.411,0.038,-0.231,0.023,51.59,3.54,0.1521153491029453,25.920156346132615,45.321037666171215,9.85106808399777,solar_like,False,False,False
3084531197138485504,120.69723453303,0.8949310480809898,1.1058424992900595,40.767235,-6.242201615583287,5.086598957182614,14.612107,0.77954865,0.99743557,904.2879077644336,4.83057365967997,869905215,J080247.34+005341.6,3084531197138485504,120.6972597,0.8949083,88.92,STAR,G2,5865.51,25.49,4.395,0.036,-0.441,0.021,37.3,3.51,0.1221189334001505,8.05224005856767,34.51793764025524,9.141690569382378,solar_like,False,False,False
3084450490410772224,121.51374513306016,0.6086861776986238,1.1234940419066328,55.431297,-2.5816087237056378,-15.64927309571067,14.237892,0.8298893,0.9242467,890.0803766639862,4.4907460189718105,869901138,J080603.29+003631.4,3084450490410772224,121.513745,0.608737,105.57,STAR,F9,5648.39,34.75,4.237,0.048,-0.085,0.028,6.05,5.07,0.1829609119500877,15.860783461936768,66.92297900415194,10.239515179974816,solar_like,False,False,False
3084631428793213440,121.44863592379312,1.321457289054309,1.450325803744685,64.214874,-6.041591854297457,-0.1763744700392809,14.51365,0.93062496,1.0839833,689.5002470603771,5.3209778098535025,869905105,J080547.66+011917.3,3084631428793213440,121.448614,1.321495,113.18,STAR,G5,5544.17,35.31,4.673,0.048,0.045,0.028,18.88,5.28,0.1570240805431859,6.044165789221456,19.755689738713745,8.42033184183307,solar_like,False,False,False
3084670598894917632,121.53860734908474,1.5173972699590978,0.700027978150594,27.456274,-6.4728586374338715,0.2354260507428218,14.565942,0.7527733,1.0422586,1428.5143325869674,3.791518800062036,869905117,J080609.27+013102.6,3084670598894917632,121.5386569,1.5173894,122.11,STAR,G0,5931.91,24.44,4.171,0.033,-0.326,0.019,48.36,3.76,0.1805574169097439,6.477138593975787,43.86207715826328,8.62285794964722,solar_like,False,False,False
3084435715722918016,120.8391256356702,0.4969185076573287,1.4271341210135098,53.955265,-0.2754848858134979,-6.810909563424999,14.251328,0.98536396,1.0647272,700.7049900046035,5.023652416863531,869902067,J080321.38+002948.9,3084435715722918016,120.839092,0.49694,79.83,STAR,K1,5326.23,35.68,4.332,0.05,0.379,0.03,68.68,4.81,0.1436934037429592,6.816478636617721,22.64209930008486,8.419128389679154,metal_rich,False,False,False
3084464165586456704,121.0743700136528,0.7123402563724351,2.7527034092590834,184.60127,-25.16667471794847,21.318897071791408,12.526819,0.74364185,1.0186651,363.27923910595206,4.725616332839586,122505097,J080417.85+004244.3,3084464165586456704,121.07438,0.712313,82.71,STAR,G2,5896.26,27.41,4.327,0.038,-0.538,0.023,27.57,3.72,0.1045005997908063,32.982675584565044,56.79993841779237,10.118248415499487,metal_poor,False,True,False
3084467842078409216,121.36545505689448,0.7410036924340304,1.3439451740406452,89.25643,7.025100409016369,-6.2310796035645515,12.988273,0.7290411,0.9525498,744.0779723129962,3.630180427568991,122505090,J080527.70+004427.7,3084467842078409216,121.36544,0.741028,62.04,STAR,G2,5987.1,31.17,4.261,0.044,-0.271,0.027,-36.05,4.16,0.1029329281835873,9.39033485998876,33.122333822513994,7.851678397567143,solar_like,False,False,False
3084603459966609536,121.86120837980984,1.2434460269368903,1.561612526946872,83.39438,-6.031862732888689,-2.6962637679180004,13.16406,0.84379387,1.2344251,640.363715546719,4.1319260597822485,122508192,J080726.69+011436.4,3084603459966609536,121.86122,1.2434681,53.99,STAR,F9,5752.83,36.83,4.225,0.053,0.264,0.032,41.05,4.96,0.0897971162530158,6.607057312798094,20.056548240449374,7.264100370521078,metal_rich,False,False,False
3084629367209159552,121.46279094424774,1.2137657965285964,1.9778905880734636,89.13562,-1.2033957191305316,-7.482647153276159,14.492596,1.0720911,1.0088987,505.5891392728836,5.973606991850065,869905111,J080551.06+011249.8,3084629367209159552,121.46277,1.213838,86.61,STAR,G9,5112.88,32.19,4.742,0.045,-0.06,0.027,-3.55,4.41,0.2706425782841232,7.5787973767117895,18.164332151140467,8.890597480604157,solar_like,False,False,False
3084625140961336192,121.56838937110416,1.1636980612295011,1.0044110149139336,45.370056,1.4411909689571836,-4.52204206739471,14.495269,1.0082836,1.0340714,995.6083566902026,4.504826155591129,869905146,J080616.40+010949.4,3084625140961336192,121.56836,1.163736,94.0,STAR,K0,5315.09,31.22,4.328,0.043,0.361,0.025,-23.57,4.38,0.1727120868874675,4.746145369485765,22.400152333667993,7.876974180361767,metal_rich,False,False,False
3084740624041868800,120.4280019101163,1.1896378052653878,0.7522732876215349,32.804413,-1.771367941962688,2.6841427547787964,14.179438,1.1077881,0.9466904,1329.3041457868371,3.5613158412506856,869905193,J080142.72+011122.6,3084740624041868800,120.428015,1.189635,102.47,STAR,K1,5102.51,33.59,3.879,0.046,0.117,0.027,87.96,4.85,0.0481836448502502,3.215955023604129,20.265425559566623,6.715987831698717,solar_like,False,False,False
3084848268803569408,120.6584169368498,1.4866584927703048,2.618789341609613,192.85417,-29.24914803211177,0.944586812431409,12.221726,0.7947321,0.85995334,381.8558385400178,4.312229240984765,122503042,J080238.02+012912.0,3084848268803569408,120.65845,1.4866738,91.85,STAR,G2,5684.45,36.89,4.105,0.051,-0.407,0.03,75.98,5.13,0.1311283561559124,29.264396540004153,52.97371257083486,9.553423864863607,solar_like,False,False,False
3084751584798365184,120.47746651427792,1.3543278965942502,2.2925437957207024,116.40663,-27.32309967631761,7.987159119388312,11.864545,0.75856686,1.0446632,436.19668329417107,3.6661330734034223,115112029,J080154.61+012115.5,3084751584798365184,120.47757,1.354309,54.19,STAR,G2,5924.9,21.31,4.068,0.03,-0.154,0.018,35.49,2.87,0.3786062601621366,28.466585441889855,58.862558936324795,9.136221883911814,solar_like,False,False,False
3084751584798365184,120.47746651427792,1.3543278965942502,2.2925437957207024,116.40663,-27.32309967631761,7.987159119388312,11.864545,0.75856686,1.0446632,436.19668329417107,3.6661330734034223,334205177,J080154.61+012115.4,3084751584798365184,120.477583,1.354291,69.48,STAR,G2,5915.13,45.5,4.041,0.064,-0.195,0.038,34.03,6.07,0.4397706477279746,28.466585441889855,58.862558936324795,9.136221883911814,solar_like,False,False,False
3084314769444415488,120.04474182038568,0.7205139129316469,2.1399325707911845,86.977875,-12.14655570331682,-3.9760040856562218,14.709928,1.2367477,0.9656488,467.3044439107144,6.3619280036947075,869902027,J080010.74+004313.8,3084314769444415488,120.044777,0.720526,54.86,STAR,K4,4775.52,42.17,4.766,0.06,0.021,0.036,18.15,5.67,0.1339038754265853,12.780744264045554,28.312450396032645,10.242708724650452,solar_like,False,False,False
3084815974947636480,120.05122443221404,1.6004311461151115,7.655629558811102,469.31647,-11.431398514926162,-27.89599743961506,10.225221,0.7824011,0.832208,130.62283020853184,4.645125233249706,115111043,J080012.30+013601.9,3084815974947636480,120.05127,1.600547,137.85,STAR,G3,5964.22,28.97,4.464,0.039,0.057,0.022,26.7,4.66,0.4481519389393883,30.147363817721544,18.66765791880719,7.621467710163381,solar_like,False,False,False
3084815974947636480,120.05122443221404,1.6004311461151115,7.655629558811102,469.31647,-11.431398514926162,-27.89599743961506,10.225221,0.7824011,0.832208,130.62283020853184,4.645125233249706,122510223,J080012.30+013601.9,3084815974947636480,120.05127,1.600547,254.9,STAR,G3,5941.31,25.24,4.48,0.031,0.027,0.014,23.77,4.6,0.4481519389393883,30.147363817721544,18.66765791880719,7.621467710163381,solar_like,False,False,False
3084815974947636480,120.05122443221404,1.6004311461151115,7.655629558811102,469.31647,-11.431398514926162,-27.89599743961506,10.225221,0.7824011,0.832208,130.62283020853184,4.645125233249706,334210223,J080012.22+013600.0,3084815974947636480,120.05127,1.600549,100.63,STAR,G3,5897.88,36.2,4.421,0.05,0.003,0.029,25.29,5.19,0.4548602705682242,30.147363817721544,18.66765791880719,7.621467710163381,solar_like,False,False,False
3084829031648910464,121.05218145891668,1.3791125955657302,1.4656680731415392,73.730225,-9.349562906314237,2.967194432072188,11.082329,0.9976845,1.0504309,682.2827203000895,1.9125069346621828,122405056,J080412.52+012244.7,3084829031648910464,121.0522,1.379102,148.07,STAR,G6,5299.02,24.1,3.513,0.032,-0.123,0.018,31.3,3.98,0.0768613618425821,9.809106449460486,31.72599287832306,6.040476237846111,solar_like,False,False,False
3084771410368233088,120.00207165033692,1.2599956687356952,1.7241270989004869,57.835056,-0.636051130945953,-5.617295906306486,15.117664,1.1643438,0.9881145,580.00364395277,6.300510726726198,869910167,J080000.49+011536.0,3084771410368233088,120.002082,1.260008,55.65,STAR,K3,4846.74,32.34,4.74,0.046,-0.14,0.028,26.84,4.34,0.057950363198124,5.653191518088277,15.543392835042207,8.879132493407091,solar_like,False,False,False
3083645441741003776,121.43747014391336,0.0753230075174604,1.2252318412517813,53.743565,5.643596653587139,-14.036820381926688,14.264714,0.8690815,1.0217246,816.1720633854333,4.705805614528851,869901092,J080544.98+000431.3,3083645441741003776,121.4374397,0.0753731,87.2,STAR,F9,5575.91,32.13,4.303,0.045,-0.089,0.026,-36.63,4.41,0.2110253263725769,15.128863461042025,58.53416549956286,10.163745516805376,solar_like,False,False,False
3083693029978509952,121.73582926222127,0.4366413346990619,1.7530730971574615,106.88697,-2.2050566424170595,-22.102686052276184,13.028001,0.76639175,1.0019926,570.4268701752712,4.24700095693971,122501131,J080656.59+002612.0,3083693029978509952,121.73582,0.4366828,56.79,STAR,G2,5878.27,36.9,4.218,0.053,-0.191,0.032,-31.98,4.95,0.1529536140518635,22.212406567541297,60.06437902216845,9.760979070181232,solar_like,False,False,False
3084819376561811328,120.36002478827992,1.6503550348328129,2.4282253575645307,91.72641,-17.548209438826724,2.8746518167016895,14.467796,1.253994,0.94339657,411.8233906440147,6.394241276013085,869903248,J080126.41+013901.2,3084819376561811328,120.360057,1.650347,89.74,STAR,K4,4624.9,43.17,4.647,0.06,-0.024,0.035,61.84,5.96,0.1194686358743057,17.78210554395046,34.71487422093222,10.717711918148268,solar_like,False,False,False
3084037623794412800,120.50002786661535,0.0396835880195665,2.0164703549007603,101.35948,-4.149613292877631,-4.979788028060131,14.364539,1.0735073,0.9074133,495.9160433822567,5.887498354517293,869902117,J080200.00+000222.9,3084037623794412800,120.5000364,0.0397125,84.95,STAR,K2,5134.81,39.69,4.748,0.056,0.077,0.033,-21.06,5.41,0.1085220122927425,6.482096827789427,15.238600197890445,8.423116570584137,solar_like,False,False,False
3083776554204782464,121.98054158578236,0.5086152340951485,2.048640959672363,143.11948,0.0840552748530643,-7.210149944984258,12.317138,0.85641,0.89691824,488.12848111751555,3.8744669760529664,122507044,J080755.33+003031.0,3083776554204782464,121.98055,0.5086282,66.6,STAR,G4,5579.99,37.43,3.998,0.053,-0.076,0.032,26.07,4.99,0.0556439561521473,7.210639882727962,16.68512087659425,6.607007031785036,solar_like,False,False,False
3084461004490554496,121.06612850968912,0.6161668447265837,1.9894778344912791,111.89149,-29.824895211162136,6.964485554793475,12.480106,0.76658535,1.025475,502.64445406887666,3.973801878128949,122502056,J080415.87+003658.1,3084461004490554496,121.06616,0.6161596,77.74,STAR,G2,5815.03,31.6,4.046,0.044,-0.516,0.026,53.72,4.25,0.1163201762069581,30.62724985041473,72.97772138060579,9.910646007145553,metal_poor,False,True,False
3084528693174835456,120.89086180005144,0.8718749764613294,0.7326741719448794,23.775639,-0.321703578226131,-6.5804740840645035,14.862106,0.95299435,0.9483439,1364.8631796935133,4.186660734059066,869905217,J080333.79+005218.8,3084528693174835456,120.890833,0.871914,69.19,STAR,G6,5624.69,29.75,4.287,0.042,0.172,0.025,0.23,3.97,0.1745939679669139,6.588333048904561,42.62712726099787,8.955983726050736,solar_like,False,False,False
3084917233096863360,120.50745399468744,1.8386946855170696,0.6268131245678819,24.577515,-9.205148227743251,1.5495991934146658,14.732876,0.8031416,0.9429065,1595.3718274316434,3.7185662309514207,869903030,J080201.78+015019.3,3084917233096863360,120.507452,1.838704,90.51,STAR,G2,5845.91,29.15,4.079,0.041,-0.04,0.024,74.89,4.04,0.0342916344421187,9.334667190369247,70.59633572037227,9.583370193127289,solar_like,False,False,False
3084600539388846464,121.87729767066274,1.2394627352153902,1.6381869737968346,55.94468,-4.077169698754103,-7.031949940096399,14.587931,1.0319614,1.0073297,610.4309312643933,5.659748020698748,869908192,J080730.55+011422.1,3084600539388846464,121.877293,1.239475,77.15,STAR,G9,5171.35,23.56,4.583,0.033,-0.028,0.02,-17.61,3.17,0.0472450899786773,8.128445897738409,23.521523819435984,9.13796859724824,solar_like,False,False,False
3084684892546359168,120.27691741896568,0.6529958346306075,1.8793073826157325,154.94383,7.074224401287723,-5.617564712688569,12.454367,0.8869114,0.8376968,532.1109304685114,3.824355783121326,173002145,J080106.45+003910.8,3084684892546359168,120.2769,0.6530142,67.87,STAR,G5,5601.52,29.0,4.014,0.041,0.428,0.025,16.4,3.87,0.0911210952756745,9.033365053014212,22.786264997937433,7.233614805676771,metal_rich,False,False,False
3084853323983736064,120.92290923980298,1.5950387849910497,2.155278574581867,149.21596,-22.97004826448251,25.151841070154543,12.480885,0.7769165,0.96859956,463.9771451326211,4.148401610297025,122503007,J080341.50+013542.0,3084853323983736064,120.92294,1.595022,88.1,STAR,G3,5906.77,31.05,4.256,0.043,-0.032,0.026,25.76,4.27,0.1261127094543464,34.06226983762193,74.91893168774145,10.142252925283266,solar_like,False,False,False
3084797936085163136,120.18610474203992,1.4228674281215183,0.3703098187545936,13.945684,-0.8835703717161314,0.3171831212589542,14.851291,1.1083841,1.0077186,2700.441493458497,2.6941168403612004,869910120,J080044.66+012522.3,3084797936085163136,120.186091,1.422864,85.27,STAR,G8,5060.81,22.93,3.513,0.032,-0.123,0.019,15.4,3.13,0.0509726490187056,0.9387767222221454,12.017620551783462,4.714102561770568,solar_like,False,False,False
3084839202131449984,121.0886858647366,1.5094436704469452,2.5309477756609833,156.21559,-17.884327800459936,14.05396762512369,12.763598,0.8983078,1.0675957,395.1089033193661,4.780014361515184,173005055,J080421.29+013034.0,3084839202131449984,121.08871,1.5094477,68.41,STAR,G4,5507.71,24.99,4.534,0.035,-0.408,0.021,12.88,3.33,0.0880598589568489,22.745619070105104,42.602587801362894,9.548086807846081,solar_like,False,False,False
3084866689922110976,121.20638942525956,1.697497616946858,2.524614237477992,112.87733,3.2205369018116308,-22.6743486240978,14.575319,1.3583202,0.9825059,396.1001190419363,6.586294425536181,869904144,J080449.52+014151.1,3084866689922110976,121.206372,1.697536,84.8,STAR,K3,4722.44,33.2,4.415,0.046,-0.262,0.027,68.82,4.52,0.1517404052673094,22.90192008245283,43.002952087333135,11.37467847420098,solar_like,False,False,False
3084095141996411264,120.42456051574436,0.1926862162772909,3.308112048653431,203.223,11.859200383199305,-2.526099327491513,11.948856,0.95561886,1.1825026,302.28722162148364,4.546757409080943,122502107,J080141.87+001133.7,3084095141996411264,120.42449,0.192704,78.65,STAR,G9,5480.33,34.72,4.567,0.049,0.213,0.029,0.14,4.67,0.2618037906389084,12.125255112418362,17.37529057583249,7.36731042410347,metal_rich,False,False,False
3084028862061374720,120.86538566871722,0.0556497608815426,10.08875104801081,696.0199,-53.11848282938537,7.315628044569818,9.786464,0.9718962,0.9952418,99.12029697642,4.805650764643557,334009076,J080327.63+000322.5,3084028862061374720,120.86561389,0.05561417,82.01,STAR,G7,5348.27,30.31,4.611,0.042,0.041,0.025,20.63,4.11,0.8315268720564618,53.61988093778468,25.194737760850714,8.433093226514748,solar_like,False,False,False
3084028862061374720,120.86538566871722,0.0556497608815426,10.08875104801081,696.0199,-53.11848282938537,7.315628044569818,9.786464,0.9718962,0.9952418,99.12029697642,4.805650764643557,334201232,J080327.63+000322.5,3084028862061374720,120.86561389,0.05561417,116.57,STAR,G7,5404.42,45.11,4.668,0.062,0.056,0.035,27.65,6.81,0.8315268720564618,53.61988093778468,25.194737760850714,8.433093226514748,solar_like,False,False,False
3084098440531260416,120.45744503465468,0.2979535209453363,5.625499625224285,389.22348,-1.4711320687780656,8.189643025266395,12.22808,1.1172724,0.9895182,177.7619885558397,5.9788852962806,173002024,J080149.78+001752.5,3084098440531260416,120.45745,0.297923,75.28,STAR,K2,4966.2,25.19,4.659,0.035,0.129,0.021,20.91,3.38,0.1113198989736765,8.320726076796529,7.011670957794975,6.828886125076023,solar_like,False,False,False
3084300235275437696,120.03171365474668,0.4538956846419453,1.30299548196029,42.820522,-7.537653257463649,-10.928430837411264,15.187169,1.0724678,1.0040785,767.4623694746441,5.761883624169464,869902133,J080007.61+002714.0,3084300235275437696,120.031727,0.453893,63.44,STAR,K0,5137.82,36.99,4.646,0.052,-0.193,0.032,21.97,4.94,0.0490039098423616,13.275798175546125,48.29911066349277,10.80247220726641,solar_like,False,False,False
3084907612370331904,120.82303560285504,1.7773545737258942,1.1748704324494392,92.56912,4.516137673647089,-9.573185646485571,12.174571,0.7649727,0.89893305,851.1576871631206,2.5245209083101923,173003017,J080317.52+014638.5,3084907612370331904,120.82304,1.7773876,88.43,STAR,G2,5927.87,23.81,4.018,0.033,-0.244,0.02,-47.74,3.28,0.1199427438648216,10.584960222382128,42.7091234909899,7.298017151535111,solar_like,False,False,False
3084645889945851264,121.15408343401457,1.330113872426926,1.3235165845388923,90.439415,-7.485684657552499,-5.3438566481355885,12.55011,1.1330891,0.99716383,755.5628782304952,3.158756801625241,122405162,J080436.97+011948.4,3084645889945851264,121.15408,1.3301296,63.13,STAR,K1,4961.58,24.44,3.688,0.035,0.023,0.021,64.29,3.26,0.0579524704288468,9.19740608368141,32.94256235761434,7.368436809345306,solar_like,False,False,False
3084645889945851264,121.15408343401457,1.330113872426926,1.3235165845388923,90.439415,-7.485684657552499,-5.3438566481355885,12.55011,1.1330891,0.99716383,755.5628782304952,3.158756801625241,173005162,J080436.97+011948.4,3084645889945851264,121.15408,1.3301296,66.01,STAR,K0,4943.83,28.42,3.642,0.04,0.012,0.024,66.27,3.79,0.0579524704288468,9.19740608368141,32.94256235761434,7.368436809345306,solar_like,False,False,False
3083651729573211904,121.0782048088131,0.0147076367843803,1.5106416225610757,100.29154,-3.57969274463174,1.6672557571868798,13.063668,0.8645334,1.013216,661.970374088226,3.95947548403481,122501033,J080418.76+000052.9,3083651729573211904,121.0782,0.0147125,52.46,STAR,G5,5607.38,38.88,4.051,0.056,0.315,0.034,38.29,5.24,0.0246213546190705,3.9489165483511948,12.39190033584921,6.046057779883617,metal_rich,False,False,False
3083667981729572352,121.73427769028952,0.1862079024164051,2.513132515298411,173.03845,23.431067923850225,2.3535736355613146,12.2241955,0.9139881,1.0916816,397.9097775038175,4.225272426185688,122501113,J080656.21+001110.3,3083667981729572352,121.73424,0.1862136,71.08,STAR,G5,5576.97,30.22,4.413,0.043,0.205,0.025,-30.91,4.04,0.1372259075441429,23.548975623370378,44.41994673729458,9.084055600680495,metal_rich,False,False,False
3083690418638426368,121.64885895319156,0.3277874142448839,1.2529942696995031,47.097878,-5.139686635728935,-3.559085019422325,14.514419,0.98581314,1.2231784,798.0882468359754,5.00416402621997,869901088,J080635.72+001940.0,3083690418638426368,121.648848,0.327787,79.11,STAR,G7,5312.8,28.7,4.612,0.04,-0.181,0.024,13.75,3.87,0.0394590345327728,6.251676966140128,23.65205318519586,8.494401646282054,solar_like,False,False,False
3084031095444397312,120.66185357903876,0.0521506941350278,2.963156176490112,221.7447,0.8534871373480787,-0.5203199142321996,12.4562025,0.77729416,0.93252176,337.4779932067266,4.814975217339292,173002110,J080238.84+000307.7,3084031095444397312,120.66186,0.052153,65.07,STAR,G4,5850.82,23.93,4.418,0.034,-0.344,0.02,-19.14,3.19,0.0245607931885901,0.9995864678782029,1.5991427319890363,2.4553043406854016,solar_like,False,False,False
3084844459171289344,120.77827339651648,1.4575828052045627,1.4253291447635108,57.63692,-7.937473959633771,-2.3873739785530015,15.040571,1.0757637,1.0849711,701.5923330227834,5.810147040625809,869905063,J080306.78+012727.3,3084844459171289344,120.778263,1.457604,72.78,STAR,G9,5153.58,35.82,4.763,0.051,0.086,0.03,21.27,4.79,0.0849811222792651,8.28873014238829,27.567300312663424,9.633011002331274,solar_like,False,False,False
3084495707825909248,120.36474941229766,0.5697323008269859,4.21387493425882,287.76413,-18.57113084390763,0.4989670038202059,11.830224,0.88075924,0.9817432,237.31126708816055,4.953632246251168,122402250,J080127.54+003410.9,3084495707825909248,120.36478,0.5696993,82.25,STAR,F9,5696.87,24.66,4.565,0.035,0.017,0.02,31.79,3.34,0.1619827836590594,18.577832728616073,20.899447679149713,8.175199241263787,solar_like,False,False,False
3084495707825909248,120.36474941229766,0.5697323008269859,4.21387493425882,287.76413,-18.57113084390763,0.4989670038202059,11.830224,0.88075924,0.9817432,237.31126708816055,4.953632246251168,173002250,J080127.54+003410.9,3084495707825909248,120.36478,0.5696993,96.88,STAR,G6,5727.05,29.12,4.561,0.04,0.024,0.024,30.32,4.12,0.1619827836590594,18.577832728616073,20.899447679149713,8.175199241263787,solar_like,False,False,False
3084576212693913344,121.57627053649806,1.0935969846849052,2.2280592708253844,148.3836,-18.271102846031717,-5.075887162441261,12.793198,0.8477583,1.037565,448.8210942564154,4.532831330614632,122405128,J080618.30+010537.0,3084576212693913344,121.57628,1.0936285,65.92,STAR,F9,5697.37,25.76,4.297,0.036,0.144,0.022,25.9,3.44,0.1184580714324443,18.963064881397845,40.34625171574493,9.182740654859247,solar_like,False,False,False
3084576212693913344,121.57627053649806,1.0935969846849052,2.2280592708253844,148.3836,-18.271102846031717,-5.075887162441261,12.793198,0.8477583,1.037565,448.8210942564154,4.532831330614632,173005128,J080618.30+010537.0,3084576212693913344,121.57628,1.0936285,64.97,STAR,F9,5623.29,29.29,4.165,0.042,0.112,0.025,28.6,3.91,0.1184580714324443,18.963064881397845,40.34625171574493,9.182740654859247,solar_like,False,False,False
3083803668334993408,121.94916950576534,0.8133698801932877,6.3478875654587545,344.49716,-19.350567204216848,-22.899716479592904,10.859646,0.83872986,1.0501038,157.53272087574084,4.872791972882361,122508204,J080747.82+004848.5,3083803668334993408,121.94926,0.813482,175.41,STAR,G3,5694.27,19.01,4.441,0.025,0.042,0.013,-1.75,3.32,0.518680013239117,29.98068488161422,22.388949992449138,8.243853748449963,solar_like,False,False,False
3083692205344800000,121.6647018209796,0.4159141391692232,0.4371281519034326,16.614939,0.1132462827370623,-0.9223195601614222,14.770124,0.7782793,0.9712545,2287.6586548946707,2.9731683194243317,869901128,J080639.53+002457.1,3083692205344800000,121.664734,0.415883,59.61,STAR,G2,5994.11,33.19,3.939,0.047,0.131,0.028,28.08,4.44,0.1612013374985408,0.92924598014203,10.077279791526731,4.6107774552100285,solar_like,False,False,False
3087921339382549248,120.23489060909826,1.8184992154009536,1.2025776063989446,71.35638,-1.6293856927702444,5.513497719543557,13.037763,0.818408,0.99860644,831.5471655874645,3.4383282041143843,173003236,J080056.37+014906.6,3087921339382549248,120.23489,1.818506,57.88,STAR,G3,5687.47,29.94,3.892,0.043,-0.039,0.026,56.61,4.01,0.0245226893016905,5.7492221073129866,22.66299886014401,6.835808434443257,solar_like,False,False,False
3084041334646175232,120.3461028985373,0.0723016014502761,1.932259994725324,113.239494,10.49096283876086,-24.261270744293675,12.837895,0.7923298,1.067055,517.5286983789946,4.26822320531558,122502216,J080123.05+000420.4,3084041334646175232,120.34607,0.0723352,51.26,STAR,G2,5772.51,36.19,4.106,0.052,-0.435,0.031,30.92,4.89,0.1692832611357961,26.43235818863276,64.84727798770162,9.94857455433126,solar_like,False,False,False
3083626612604541824,121.98007681244272,0.1750257762109027,3.0185796285731654,181.17117,-13.59544843530346,-6.709473905125664,11.235959,1.1300764,1.0036827,331.2816367453868,3.634972237064354,173001112,J080755.22+001030.1,3083626612604541824,121.98011,0.1750404,118.09,STAR,G5,4991.58,38.56,3.842,0.053,0.321,0.03,17.37,5.85,0.1305593932782819,15.160912183656942,23.80916133500575,7.139585660969198,metal_rich,False,False,False
3083681244588248448,121.79457760670756,0.4042343750042582,3.3007389550731316,205.11287,13.790319138346453,-10.30743580874094,12.103411,0.79447174,1.047641,302.96246192478554,4.696466614433431,122401132,J080710.68+002415.4,3083681244588248448,121.79454,0.4043,80.77,STAR,G3,5825.54,22.93,4.418,0.032,-0.144,0.019,-26.76,3.1,0.2722903048323329,17.21673996111806,24.726414416396356,8.28316560000942,solar_like,False,False,False
3083681244588248448,121.79457760670756,0.4042343750042582,3.3007389550731316,205.11287,13.790319138346453,-10.30743580874094,12.103411,0.79447174,1.047641,302.96246192478554,4.696466614433431,122501132,J080710.68+002415.4,3083681244588248448,121.79454,0.4043,96.07,STAR,G3,5814.97,31.76,4.375,0.044,-0.139,0.026,-25.84,4.48,0.2722903048323329,17.21673996111806,24.726414416396356,8.28316560000942,solar_like,False,False,False
3083681244588248448,121.79457760670756,0.4042343750042582,3.3007389550731316,205.11287,13.790319138346453,-10.30743580874094,12.103411,0.79447174,1.047641,302.96246192478554,4.696466614433431,173001132,J080710.68+002415.4,3083681244588248448,121.79454,0.4043,78.84,STAR,G3,5831.75,24.36,4.39,0.034,-0.137,0.02,-24.9,3.28,0.2722903048323329,17.21673996111806,24.726414416396356,8.28316560000942,solar_like,False,False,False
3083790542914971776,121.8967615102884,0.5950667331042109,0.66242985807948,32.12503,-6.079503858576447,-2.270693349563529,14.36524,0.84338284,0.9982502,1509.5937898983073,3.4709395941525045,869907038,J080735.23+003542.2,3083790542914971776,121.8967964,0.5950756,72.4,STAR,G3,5750.22,27.78,3.973,0.039,-0.187,0.023,40.25,3.71,0.1295891253106122,6.489716130478894,46.441603212517194,8.426368502751581,solar_like,False,False,False
3084918435687733248,120.36670172699296,1.8135474027323972,1.1928714803350324,77.50583,-9.651755877760843,-9.58759742204239,13.035184,0.8086443,0.9821588,838.3132772351452,3.418152183632909,122403032,J080128.01+014848.8,3084918435687733248,120.36671,1.8135774,50.14,STAR,G3,5767.57,29.54,3.946,0.042,-0.038,0.026,10.87,4.0,0.1120178721074913,13.604352827350695,54.06368373343796,8.703573433924872,solar_like,False,False,False
3084918435687733248,120.36670172699296,1.8135474027323972,1.1928714803350324,77.50583,-9.651755877760843,-9.58759742204239,13.035184,0.8086443,0.9821588,838.3132772351452,3.418152183632909,173003032,J080128.01+014848.8,3084918435687733248,120.36671,1.8135774,55.34,STAR,G3,5761.84,31.73,3.975,0.045,-0.036,0.027,9.35,4.26,0.1120178721074913,13.604352827350695,54.06368373343796,8.703573433924872,solar_like,False,False,False
3084924208123707648,120.69446261957532,1.9180805616119203,0.8928938472936118,43.062374,-3.337683994529158,-2.5868324651616765,14.248777,0.8060646,0.9184086,1119.9539598475567,4.002776541332304,869903185,J080246.66+015505.0,3084924208123707648,120.694457,1.918082,98.3,STAR,G2,5889.75,35.27,4.278,0.049,0.2,0.029,49.21,5.02,0.0208716838996975,4.222775941267847,22.41917415712627,7.376767192759754,solar_like,False,False,False
3084897098290228480,120.57284537738664,1.591952388137614,1.0764725389686238,53.865158,2.078757419641033,4.614440196031882,14.178506,0.86372566,0.9687881,928.9600652127244,4.3385206743273415,869903033,J080217.47+013531.0,3084897098290228480,120.572832,1.591952,134.69,STAR,G3,5561.01,33.38,4.391,0.045,-0.277,0.025,-16.84,5.32,0.0481602783698415,5.061056286237824,22.28741061635304,7.699711836580063,solar_like,False,False,False
3087927180538058752,120.11523629251208,1.955244315866265,0.5582897483697358,18.321903,-1.2130318739890442,-4.9273230403007835,14.804729,0.8006058,1.0090986,1791.184600684688,3.53902772749084,869903095,J080027.66+015719.0,3087927180538058752,120.115259,1.955279,88.93,STAR,G3,5919.38,32.56,4.169,0.045,0.321,0.027,18.99,4.49,0.1492163690237798,5.0744417102566395,43.08737311488183,8.33167034081572,metal_rich,False,False,False
3090670977444215040,121.9539072739955,1.6496306113868546,0.6161117640756967,19.732088,-5.523099715235155,-0.1830757713815545,15.069057,0.7607269,0.9746887,1623.082139163858,4.017354971189469,869908160,J080748.94+013858.6,3090670977444215040,121.953926,1.649635,78.74,STAR,F2,5955.65,23.59,4.185,0.033,-0.336,0.02,28.61,3.18,0.0692129906200009,5.526133114800764,42.5190197204237,8.78116371047317,solar_like,False,False,False
3084433413620685056,121.00879059241274,0.4908863004408819,4.348262073827446,276.48862,-13.24374192160248,-13.853525985587565,10.724717,0.83368015,0.9086097,229.976938607055,3.9162956978889873,115113113,J080402.11+002927.2,3084433413620685056,121.00881,0.4909146,96.9,STAR,G6,5828.13,21.74,4.46,0.03,0.285,0.018,22.88,3.08,0.1235325635517309,19.16551283736913,20.894218678082517,7.137319223733138,metal_rich,False,False,False
3084433413620685056,121.00879059241274,0.4908863004408819,4.348262073827446,276.48862,-13.24374192160248,-13.853525985587565,10.724717,0.83368015,0.9086097,229.976938607055,3.9162956978889873,122502064,J080402.11+002927.2,3084433413620685056,121.00881,0.4909146,197.43,STAR,G6,5779.4,18.27,4.398,0.023,0.241,0.012,22.14,3.28,0.1235325635517309,19.16551283736913,20.894218678082517,7.137319223733138,metal_rich,False,False,False
3084461004490557440,121.05615908720924,0.6116939121798237,1.4991011722334755,80.83669,6.220744682492992,-15.744938779904324,12.224248,1.0581694,1.014365,667.0663851927508,3.103402651245233,173002056,J080413.47+003642.3,3084461004490557440,121.05614,0.611758,71.6,STAR,G9,5086.0,21.69,3.668,0.031,-0.453,0.018,-34.06,2.9,0.2407301648350611,16.92928709626309,53.533930256125124,8.36744135029721,solar_like,False,False,False
3084028037425772544,120.83706404942431,0.0036529658757057,0.504413441991842,15.645058,-0.3323626877831078,-4.4471858819811825,15.259815,0.8635626,1.148922,1982.5006963556957,3.773748473383882,869901231,J080320.89+000013.3,3084028037425772544,120.8370803,0.0037133,50.43,STAR,F2,5926.17,37.93,4.04,0.054,-0.429,0.033,45.67,5.13,0.2249434804842752,4.459588234929673,41.911143677211875,8.506288805272124,solar_like,False,False,False
3084116651192375680,120.30696751511728,0.4747812638963938,1.831628521783564,81.53783,-11.737169315073984,-17.807069753698556,12.921362,0.7977505,1.3932668,545.9622342123399,4.2355489115296265,173002134,J080113.67+002829.3,3084116651192375680,120.30698,0.47482,57.42,STAR,G2,5832.82,28.15,4.275,0.04,-0.359,0.024,-39.93,3.77,0.1465136894829996,21.327280106563055,55.1975088421918,9.566039364441245,solar_like,False,False,False
3084113764974373504,120.21030394884752,0.363539363399506,1.4866145722622102,58.7324,6.296062575650096,-0.4388484040507502,14.622626,1.069128,0.94627833,672.6693109689357,5.48361823251893,869902144,J080050.47+002148.7,3084113764974373504,120.210297,0.363535,83.88,STAR,K2,5224.09,29.48,4.471,0.041,-0.163,0.024,11.08,4.01,0.0295383879283791,6.31133835871914,20.125398141247494,8.623233319338102,solar_like,False,False,False
3084470865735395200,121.21688853646232,0.8016382262653069,1.1478255095892758,75.89372,-3.9241508413259303,-0.0141335653680573,13.023036,0.74449444,1.0118265,871.2125594401784,3.322415365102799,122405082,J080452.05+004805.9,3084470865735395200,121.21688,0.801654,55.36,STAR,G0,5998.17,23.24,4.034,0.033,0.063,0.02,27.86,3.12,0.0645663418443491,3.9241762935868487,16.20667935940553,5.991778549110572,solar_like,False,False,False
3084484747069535232,120.90549610512508,0.5849471213633147,1.169655633334926,42.72281,-3.909026738454759,3.803113556257403,14.602539,0.8371992,1.0782017,854.9524932811179,4.942829146631503,869902053,J080337.31+003505.7,3084484747069535232,120.905478,0.584944,61.69,STAR,G5,5688.91,27.91,4.456,0.04,-0.139,0.024,24.77,3.73,0.0661366442376672,5.453820932497058,22.103663487825255,8.286043372368818,solar_like,False,False,False
3084039169982689920,120.27234208343552,0.0018238541771831,1.3480029885462974,63.676136,-10.4786017227299,-7.798368351862774,14.2677355,0.9584732,0.9794318,741.8381179394951,4.916189756456513,869902112,J080105.35+000006.6,3084039169982689920,120.272333,0.001853,89.39,STAR,G9,5346.91,42.74,4.265,0.06,0.311,0.035,7.12,5.9,0.1099025101481336,13.061992306494938,45.93460340614327,9.847782618128216,metal_rich,False,False,False
3084452792513035648,121.33033828415952,0.6233506559091689,2.2693829616269174,160.71146,7.0990615588142365,3.240741844764981,12.659989,0.7990875,0.9810879,440.6484127663942,4.439528306422286,173001157,J080519.27+003724.0,3084452792513035648,121.33031,0.6233503,51.39,STAR,G3,5695.46,26.77,4.148,0.038,-0.42,0.023,83.04,3.62,0.1018250097249282,7.8037864348177,16.301177944043253,7.121515878029797,solar_like,False,False,False
3084479146432294272,120.43627630152966,0.4675158999914754,1.6736965261280057,87.17592,-4.8035241399182915,-23.286972727041167,14.343084,1.021162,0.9984216,597.4798802465336,5.461467908941984,869902249,J080144.70+002803.3,3084479146432294272,120.4362908,0.4676069,72.48,STAR,K1,5244.58,26.94,4.557,0.038,0.22,0.023,9.32,3.6,0.3317316141308669,23.77723581396157,67.34510784925287,11.223890824895243,metal_rich,False,False,False
3084425682679395200,120.68837817819872,0.2956988285815667,3.0212596100603952,250.33414,12.710055538296675,-47.388539421763625,12.547352,0.8785229,0.86408454,330.98777631360514,4.948292061294351,122502025,J080245.20+001744.7,3084425682679395200,120.68835,0.2957708,57.34,STAR,G8,5541.55,33.32,4.39,0.047,0.121,0.029,-24.05,4.47,0.2782470438625276,49.06341998184219,76.98235191270905,11.001141087826674,solar_like,False,False,False
3084467807718675840,121.35674578922612,0.7305946302035374,1.0016714220355571,42.788708,3.409983119291047,-6.471921075431432,14.715175,0.7963457,1.0022715,998.3313669544845,4.718801092029526,869905014,J080525.61+004350.2,3084467807718675840,121.356726,0.730614,68.52,STAR,G2,5862.78,30.99,4.409,0.044,-0.236,0.026,-10.88,4.13,0.0996841763299632,7.315309103548765,34.62013848376401,9.036338408375938,solar_like,False,False,False
3084512853335499648,120.8517055765559,0.6953897705635975,1.7177235686980556,62.32781,-1.809983249880868,0.097220973024754,14.911755,1.1180182,1.0106728,582.1658491639301,6.086520981158628,869905204,J080324.40+004143.4,3084512853335499648,120.851668,0.695392,77.96,STAR,K0,5063.08,40.06,4.81,0.056,0.045,0.033,2.57,5.39,0.1355035389024639,1.8125924203872168,5.002283340378035,6.203255797983148,solar_like,False,False,False
3084403795526302592,120.99530129882312,0.0971032044380273,1.1516512555450842,76.76379,-0.4127600134623017,-2.244061221916365,12.695215,0.7440548,1.0464435,868.3184212105022,3.0018201522426367,122401035,J080358.87+000549.6,3084403795526302592,120.9953,0.0971163,64.06,STAR,G0,5954.15,30.76,3.899,0.044,-0.078,0.026,-3.56,4.1,0.047375327046723,2.28170585230046,9.392043024809023,4.486513281575091,solar_like,False,False,False
3084444202578496384,121.2333319474594,0.487549103475571,2.2784216505098165,146.00781,-36.32231367503718,-3.289350276948188,13.068266,0.78306866,1.035841,438.9003237290347,4.856436409032504,122501051,J080456.00+002915.2,3084444202578496384,121.23337,0.4875597,52.08,STAR,G3,5788.35,40.52,4.366,0.058,-0.398,0.035,53.04,5.47,0.1421966883175776,36.470951399055274,75.88123600387753,10.878001463397867,solar_like,False,False,False
3084615004838622592,121.24054813177926,0.9385217366471428,0.861497719787967,46.54002,-3.356929870121168,-5.551113566345745,14.090817,0.86752415,0.9875016,1160.7691779452666,3.767088112952053,869905043,J080457.73+005618.8,3084615004838622592,121.240545,0.93857,127.22,STAR,G3,5667.18,26.56,4.034,0.036,-0.391,0.02,-1.61,4.14,0.1741133827126481,6.487205868428989,35.69644364314789,8.151105401400818,solar_like,False,False,False
3084521752507660800,121.04426461336163,0.860030125611562,0.5187321904961709,19.253578,-4.467680519362087,-1.851477661833836,14.826214,1.1938848,1.0574234,1927.7770269924704,3.4009298339259786,869905100,J080410.62+005136.1,3084521752507660800,121.04426,0.860032,63.44,STAR,K1,4948.1,33.36,3.765,0.047,0.167,0.028,63.39,4.45,0.0179248344671135,4.8361284883010685,44.19529467220484,8.248703154304769,solar_like,False,False,False
3084469972382220928,121.148287241853,0.7378102755046285,1.799148026473817,97.2851,-9.906341216276118,8.5484309141309,13.156831,0.7656889,1.3152686,555.8186348679258,4.4321652715238695,173005081,J080435.59+004416.1,3084469972382220928,121.1483,0.7378057,52.57,STAR,G2,5943.61,25.15,4.344,0.036,-0.087,0.022,56.1,3.39,0.0487901039226715,13.084772347540474,34.476302037200874,8.740661855335354,solar_like,False,False,False
3084473305276777472,120.60832786720928,0.3257688578904591,1.9720055929086835,105.51469,-8.493491282448458,-5.384013502980416,12.575105,0.7691641,1.3232406,507.0979532694999,4.049645425101639,122502021,J080225.99+001932.8,3084473305276777472,120.60833,0.3257829,65.19,STAR,G3,5970.39,34.11,4.314,0.048,0.06,0.029,70.21,4.55,0.0511313424913426,10.056191901773921,24.173905082230515,7.587272761877113,solar_like,False,False,False
3084501686420570112,120.57760177868067,0.7240927680958319,1.8246980902263592,104.85629,-17.18049626370977,-15.880567336579237,12.93105,0.76727486,1.0040661,548.035867060039,4.23700538813506,122502232,J080218.62+004326.8,3084501686420570112,120.57761,0.7241256,53.85,STAR,G2,5798.49,39.82,4.173,0.057,-0.579,0.034,129.48,5.36,0.1218435531063219,23.395766087028925,60.780974045311616,9.776736352988733,metal_poor,False,True,False
3084526562871093888,120.78838384251873,0.7987030758145686,2.1221018302675927,113.71776,-4.64431300051465,-3.4375381327449066,11.846556,0.76654243,1.1286495,471.23092103167454,3.480386809508607,122505221,J080309.20+004755.3,3084526562871093888,120.78834,0.798719,87.83,STAR,G2,5897.26,30.06,4.04,0.042,0.093,0.025,58.79,4.13,0.167907204154838,5.778088928082081,12.907418876054281,5.65547710799618,solar_like,False,False,False
3084520790434963072,121.12281472511866,0.8919029834861654,2.1219180137904283,144.68626,-1.8366728054168424,-0.5721859538014045,13.028884,0.76863575,1.0358051,471.2717425937104,4.662526932586832,173005089,J080429.47+005330.9,3084520790434963072,121.1228,0.8919199,55.49,STAR,G2,5904.32,24.33,4.399,0.035,-0.088,0.021,7.19,3.27,0.0807351687448209,1.9237369258517125,4.297723628163208,4.449612406433539,solar_like,False,False,False
3084665066977181952,121.87428085881376,1.5428993965066564,1.6708678620295505,98.23192,6.555055330532797,-24.64728091595087,12.972061,0.8235626,0.89933103,598.4913724926946,4.086771685985774,122508167,J080729.82+013234.5,3084665066977181952,121.87427,1.5429425,58.59,STAR,G3,5661.56,32.35,4.11,0.046,-0.215,0.028,-15.68,4.33,0.1600174482929446,25.504062557485668,72.35835111762168,10.005107824869597,solar_like,False,False,False
3084667300360056192,121.4939164580934,1.3962321204378096,0.4684221386053355,19.61817,-5.892705562921049,0.8250030928733398,14.694687,1.0651112,1.0319538,2134.8265113544094,3.047873952381554,869905109,J080558.53+012346.6,3084667300360056192,121.493909,1.39629,79.1,STAR,G8,5145.08,28.65,3.716,0.04,-0.1,0.024,50.17,3.86,0.2100881117513897,5.950177220430603,60.21627562718569,8.567336504868717,solar_like,False,False,False
3084495467307744512,120.31533689528696,0.5577516340938132,1.8043436564039708,127.92579,31.900392146316737,-38.64725974197135,12.747533,0.7956581,0.92933214,554.2181482173881,4.0291291299358,122502250,J080115.66+003328.1,3084495467307744512,120.31529,0.5578142,55.77,STAR,G2,5758.61,49.9,4.089,0.071,-0.414,0.043,48.34,6.7,0.2814788441808847,50.11233086429113,131.65784702327252,11.247256017300224,solar_like,True,False,False
3084628989252040320,121.40366426838472,1.2391692305313,2.6596496996499916,133.98357,8.36947482503384,-1.5008556968196582,11.637333,0.7903528,1.1616334,375.98936436313375,3.7614551153412847,122405168,J080536.86+011421.1,3084628989252040320,121.40359,1.239203,120.4,STAR,G3,5886.58,25.92,4.41,0.035,0.083,0.02,-6.41,3.96,0.2936503536797413,8.502980458024778,15.155425835649426,6.28518890480192,solar_like,False,False,False
3084628989252040320,121.40366426838472,1.2391692305313,2.6596496996499916,133.98357,8.36947482503384,-1.5008556968196582,11.637333,0.7903528,1.1616334,375.98936436313375,3.7614551153412847,173005168,J080536.86+011421.1,3084628989252040320,121.40359,1.239203,127.16,STAR,G3,5832.1,28.92,4.298,0.039,0.057,0.022,-6.04,4.51,0.2936503536797413,8.502980458024778,15.155425835649426,6.28518890480192,solar_like,False,False,False
3084628989252040320,121.40366426838472,1.2391692305313,2.6596496996499916,133.98357,8.36947482503384,-1.5008556968196582,11.637333,0.7903528,1.1616334,375.98936436313375,3.7614551153412847,334205168,J080536.86+011421.0,3084628989252040320,121.40362,1.239183,79.3,STAR,G3,5855.92,43.56,4.376,0.061,0.084,0.036,-6.04,5.87,0.1668619082524391,8.502980458024778,15.155425835649426,6.28518890480192,solar_like,False,False,False
3084647028114438144,121.318608774887,1.3723547157470524,0.9587398329643548,54.30489,-9.068332261429788,-0.4698230464594931,14.108247,0.8105259,0.9939707,1043.035832680563,4.016750660632685,869905169,J080516.46+012220.4,3084647028114438144,121.318608,1.372359,148.13,STAR,G3,5810.23,26.16,4.165,0.035,0.004,0.019,54.63,4.32,0.0156734130642552,9.080494683588157,44.8983250227693,8.898794542440546,solar_like,False,False,False
3084613149412531328,121.91755814921244,1.4223452781899613,1.6421935771433158,77.64873,-2.862746984193782,2.3799047710335692,14.060049,0.85883236,0.91830665,608.9416095144848,5.137170803049504,869908157,J080740.21+012520.5,3084613149412531328,121.917573,1.422363,116.53,STAR,G4,5561.51,22.21,4.401,0.03,-0.271,0.017,23.94,3.36,0.0832271848827837,3.7228036497643733,10.746503495828966,6.9143996550745115,solar_like,False,False,False
3084730316120313728,120.76875622168323,1.1634564572609425,1.7723877919274875,77.61113,8.197740124698194,-15.49877623105778,11.452845,0.7430229,1.1059269,564.2106115572433,2.6956383696633086,122505245,J080304.49+010948.6,3084730316120313728,120.76871,1.163527,121.68,STAR,G2,5983.81,24.96,3.872,0.034,-0.058,0.019,-2.93,3.83,0.3035942381876694,17.533254341749807,46.89485370413518,7.672157664180045,solar_like,False,False,False
3084646199183496320,121.16305806194084,1.3547405924293678,1.7087638768516171,115.67583,-27.140411043337664,-20.373163953905053,12.402302,1.1285763,0.933069,585.2183637229571,3.5657120607833193,122505162,J080439.15+012117.4,3084646199183496320,121.16315,1.354843,77.96,STAR,K1,4913.68,30.56,3.727,0.043,-0.058,0.026,35.06,4.11,0.4953787342955515,33.93623021335783,94.14623250107837,10.055619986539568,solar_like,False,False,False
3084753474583934976,120.62190072316878,1.4408202069250844,0.6187891939449429,22.965288,-0.6247838100870906,-6.550462120870225,14.750294,1.1834364,1.0398716,1616.0592489095334,3.7080073362454655,869905190,J080229.25+012627.0,3084753474583934976,120.621898,1.440837,79.15,STAR,K1,4870.7,36.72,3.793,0.052,0.138,0.031,40.8,4.95,0.0612442771944952,6.580190636015236,50.410053390632704,8.841486379141331,solar_like,False,False,False
3084660222254089088,121.9212566104724,1.4465513379032122,1.3656399194198638,89.1174,11.073609474766837,-22.87420032072071,13.197789,0.7713938,1.0140532,732.25744632949,3.874470208605885,122508174,J080741.09+012647.7,3084660222254089088,121.92124,1.4465994,51.61,STAR,G2,5808.59,39.9,4.058,0.057,-0.357,0.035,-42.13,5.39,0.1830591010489043,25.413655130895776,88.2170094951057,10.22312466075336,solar_like,False,False,False
3084801165900508032,120.4644430731565,1.4534151785914222,1.7993824799275753,115.32553,-2.6184176385613545,-16.311331422150957,12.527965,0.8055992,1.0228688,555.7462135789217,3.803582029793146,122505198,J080151.46+012712.4,3084801165900508032,120.46444,1.4534555,82.77,STAR,G4,5791.4,29.38,4.077,0.041,0.217,0.024,-42.23,3.99,0.1455777953233244,16.52015870665831,43.522329253369534,8.618036076028012,metal_rich,False,False,False
3084719389723324416,120.22115077667976,1.1760885927620808,6.272485913842741,380.18994,-1.2860504820158782,-5.326435710803648,10.97715,0.8429127,1.0156507,159.42642418584015,4.964348436829695,115312071,J080053.08+011034.0,3084719389723324416,120.22118,1.17612,81.19,STAR,F9,5747.09,29.98,4.56,0.042,0.083,0.025,-15.86,4.05,0.1544251987672071,5.479492971399601,4.141160682211443,4.670851870970415,solar_like,False,False,False
3084877238361862400,121.46683306321792,1.8767807630408988,1.202239300343403,66.98083,-1.1664972254172354,-2.5441040382110285,12.8196,0.8091345,0.949624,831.7811601353939,3.219554708489829,122404127,J080552.04+015236.4,3084877238361862400,121.46685,1.8768011,62.72,STAR,G3,5782.0,27.45,3.83,0.039,0.2,0.023,5.96,3.66,0.0952564909490744,2.7987820805035484,11.035691883783008,5.054445423164678,solar_like,False,False,False
3084877238361862400,121.46683306321792,1.8767807630408988,1.202239300343403,66.98083,-1.1664972254172354,-2.5441040382110285,12.8196,0.8091345,0.949624,831.7811601353939,3.219554708489829,122504127,J080552.04+015236.4,3084877238361862400,121.46685,1.8768011,70.69,STAR,G4,5794.82,31.01,3.847,0.044,0.19,0.026,7.68,4.14,0.0952564909490744,2.7987820805035484,11.035691883783008,5.054445423164678,solar_like,False,False,False
3084881842566483584,121.20725187715512,1.833171928226938,1.1302000501463283,83.87042,-3.640017998285352,-1.5479048910315796,12.441167,1.0511532,0.9277376,884.7991113347844,2.706943488902967,173004193,J080449.74+014959.5,3084881842566483584,121.20725,1.83321,84.16,STAR,G8,5180.0,27.21,3.64,0.038,-0.06,0.023,-2.53,3.7,0.1372247095931599,3.955469704032732,16.590678318805914,5.4271573124394905,solar_like,False,False,False
3084703137567209344,120.04902473249228,0.8238056095040306,5.100566177501016,349.83096,7.999118965642536,-6.550516640363032,10.773001,0.7545948,0.95511705,196.05666610328,4.311092650708492,115109094,J080011.76+004925.7,3084703137567209344,120.04901,0.8238314,137.99,STAR,G1,5876.56,40.85,4.285,0.055,-0.047,0.031,37.09,6.57,0.1069237055484056,10.339012161815804,9.609085595030141,5.845396230943049,solar_like,False,False,False
3084720042558606848,120.64990100809652,0.950074714822781,1.302271490907677,78.0338,-3.606914979187823,2.9867814233940013,12.689275,0.8359623,1.01188,767.889036181699,3.2627824537330987,173005218,J080235.97+005700.3,3084720042558606848,120.6499,0.9500852,61.08,STAR,G4,5690.18,30.52,3.87,0.043,0.365,0.026,41.13,4.08,0.0379206509698659,4.683022414874927,17.046927174585573,6.0419061824969855,metal_rich,False,False,False
3084820029396850944,120.2702088377179,1.6685384638417688,0.2254926112759235,6.706352,-1.82769930129536,1.0030472409374176,15.00821,1.051775,0.96824557,4434.735108798542,1.7738717617151174,869903229,J080104.84+014006.7,3084820029396850944,120.270201,1.668537,74.04,STAR,G6,5182.31,29.25,3.51,0.041,-0.299,0.025,86.54,3.92,0.0286919261850941,2.084847357364014,43.829180460684306,6.603581317457177,solar_like,False,False,False
3084853873739537024,121.0096026004222,1.5950891827184412,1.694076428701228,122.71824,-11.964908416936094,-3.026555522541636,12.055342,1.1316462,1.003165,590.2921397511298,3.200006719310238,122503008,J080402.30+013542.3,3084853873739537024,121.00962,1.5951067,85.66,STAR,G5,4950.67,37.06,3.654,0.052,0.259,0.031,16.7,5.06,0.088867214333161,12.341761290703019,34.53548385098107,7.512227711067164,metal_rich,False,False,False
3084885587777985280,121.06060084039277,1.8554619308608016,0.4672241655640227,18.33696,-0.0898905993752109,2.0603405094030003,15.03086,1.0354071,0.9803911,2140.3002535042724,3.3784864325774855,869904178,J080414.54+015119.6,3084885587777985280,121.060586,1.855459,75.88,STAR,G7,5235.5,21.07,3.814,0.03,-0.163,0.018,37.22,2.83,0.0544298471368062,2.062300495694808,20.924160930384808,6.60261973081376,solar_like,False,False,False
3084911426301030784,120.81124914897632,1.8527788127501617,2.4100674622866185,147.79082,-13.838328589380192,-3.520262768215022,11.772007,0.773036,0.999746,414.9261444537416,3.682152985816227,334203020,J080314.71+015110.0,3084911426301030784,120.811312,1.852793,79.41,STAR,G3,5962.31,78.64,4.208,0.11,0.298,0.066,47.15,10.6,0.2318411156190435,14.279061177295167,28.08612713061159,7.5455052714712565,metal_rich,False,False,False
3084797042731955968,120.26444138862745,1.4045795399180194,1.6365985721915337,111.07391,7.7443336778266705,-12.517642653283689,11.836699,0.74341774,0.94825464,611.0233853258968,2.906409371860276,122505185,J080103.45+012416.6,3084797042731955968,120.2644,1.404626,120.63,STAR,G0,5988.43,31.79,3.945,0.043,0.017,0.025,13.03,4.86,0.2239688554385574,14.719581573836516,42.63582777656157,7.676176323527544,solar_like,False,False,False
3084801406418655744,120.5522715200121,1.4766833489194315,2.2453235221585097,162.17856,-7.349154590503184,-1.596146589155909,12.472766,0.79845905,0.92441607,445.3701171039549,4.22916055295207,122505192,J080212.54+012836.1,3084801406418655744,120.55228,1.4767028,69.73,STAR,G4,5829.91,29.02,4.217,0.041,0.018,0.025,48.72,3.87,0.0763850926634075,7.520489154914596,15.87773560129355,6.8539964465561365,solar_like,False,False,False
3084850025448881664,120.77920228326704,1.5580089273087945,1.559999727010466,64.821976,-3.0046018099794605,-10.222751757469888,14.7866,0.9981308,0.99635434,641.0257532008472,5.75222272469421,869905058,J080307.00+013328.9,3084850025448881664,120.779179,1.558051,87.77,STAR,G8,5258.11,32.35,4.647,0.045,-0.179,0.027,14.58,4.44,0.1730930430275178,10.6551530036591,32.37848846041303,9.924398451934712,solar_like,False,False,False
3084852911666884224,120.89262124488472,1.5725560783519998,0.3138960855610616,7.6962256,-2.339414227829257,-3.4103432720904183,15.849441,0.83998775,1.0445086,3185.7676664319915,3.3333700739835663,869903007,J080334.22+013421.2,3084852911666884224,120.892601,1.572571,51.84,STAR,G3,5835.42,37.22,4.277,0.053,0.007,0.032,22.89,5.02,0.0905170778479836,4.135613638006135,62.456186248761846,8.932140794143562,solar_like,False,False,False
3084913659684106752,120.4777159711868,1.7095163571994154,0.97990173416994,43.179962,-1.1945020534494035,10.216116666593756,14.286873,0.8019724,1.1654017,1020.5104911331596,4.242785495050876,869903048,J080154.64+014234.2,3084913659684106752,120.477701,1.709507,81.38,STAR,G2,5856.93,27.42,4.416,0.038,-0.384,0.023,36.11,3.71,0.0635371079896505,10.285712172773918,49.75918327665037,9.348044836010818,solar_like,False,False,False
3084837587223741696,121.1437414306458,1.5161550830316983,3.0542542914459343,186.31584,8.191436442317146,20.02576134437278,12.96426,0.97617435,0.9693773,327.4121617183956,5.3887860651401365,122505174,J080434.49+013058.1,3084837587223741696,121.14373,1.5161439,53.38,STAR,G8,5377.02,39.95,4.582,0.057,0.182,0.034,28.15,5.38,0.0575581787994845,21.63632936545144,33.581477008741466,9.640177919985588,solar_like,False,False,False
3084915652548915072,120.48899852027252,1.77710317272538,0.5128054934233994,17.891613,8.133481725626224,-4.079992820167681,14.995434,1.117857,0.97375554,1950.057112930237,3.545197151926562,869903039,J080157.35+014637.6,3084915652548915072,120.488968,1.777115,70.42,STAR,K0,5059.86,27.42,3.728,0.039,-0.281,0.023,-19.62,3.66,0.1177852465580479,9.099443191410975,84.11695666054987,9.790508090014166,solar_like,False,False,False
3090687813717062912,121.74545607856795,1.7553647338233431,2.81265445163056,125.487495,5.2779912506796105,-7.621190038749886,10.961965,0.82057095,1.2888241,355.5360308907755,3.207546508434305,334204082,J080658.95+014519.4,3090687813717062912,121.745442,1.755399,97.37,STAR,G3,5791.44,42.82,3.929,0.059,0.19,0.035,-23.41,6.07,0.1333551451957415,9.270368344838895,15.624351936364596,5.797449952789819,solar_like,False,False,False
3084932420101386368,120.9448362458509,1.9061735244764249,0.7096759396668694,18.485813,0.4193528291008706,2.692998420081165,15.646079,1.0663815,1.0332531,1409.0938470725278,4.901379470798222,869904177,J080346.75+015422.1,3084932420101386368,120.944815,1.906165,55.23,STAR,K1,5292.1,27.78,4.659,0.04,0.369,0.024,-10.38,3.73,0.0823726460853966,2.7254535926767414,18.20539526610003,7.823272957656041,metal_rich,False,False,False
3084936577629489024,120.81063657783058,1.9693872701206945,1.9249089261680563,146.68184,-3.4109015357350985,10.99584145332884,12.569443,0.8872471,0.94645184,519.5050978285576,3.991493681107509,122403184,J080314.55+015809.7,3084936577629489024,120.81066,1.9693827,66.91,STAR,G7,5572.16,29.53,4.016,0.042,0.315,0.025,58.57,3.94,0.0858610291733919,11.512722464874454,28.35236240070228,7.875333176647294,metal_rich,False,False,False
3084936577629489024,120.81063657783058,1.9693872701206945,1.9249089261680563,146.68184,-3.4109015357350985,10.99584145332884,12.569443,0.8872471,0.94645184,519.5050978285576,3.991493681107509,122503184,J080314.55+015809.7,3084936577629489024,120.81066,1.9693827,76.05,STAR,G7,5589.16,38.74,4.055,0.055,0.333,0.032,57.94,5.2,0.0858610291733919,11.512722464874454,28.35236240070228,7.875333176647294,metal_rich,False,False,False
3084937539702390784,120.91391903463902,1.9794909976136317,4.301265747154408,235.76659,2.6019014621724175,-7.552204985721186,11.479382,0.8287134,0.8766605,232.48970391135933,4.647362939310597,122404187,J080339.34+015846.3,3084937539702390784,120.91392,1.979529,136.3,STAR,G4,5737.64,24.28,4.359,0.033,0.073,0.018,30.3,3.89,0.1368526720505646,7.987846478570235,8.803489210430438,5.99153054704834,solar_like,False,False,False
3084937539702390784,120.91391903463902,1.9794909976136317,4.301265747154408,235.76659,2.6019014621724175,-7.552204985721186,11.479382,0.8287134,0.8766605,232.48970391135933,4.647362939310597,173004187,J080339.34+015846.3,3084937539702390784,120.91392,1.979529,132.8,STAR,F9,5781.45,24.65,4.365,0.033,0.103,0.019,32.2,3.91,0.1368526720505646,7.987846478570235,8.803489210430438,5.99153054704834,solar_like,False,False,False
3090685889570646144,121.8943775909796,1.7727651850726769,0.9390078091827552,61.984154,-12.7114903202106,-15.04263371711094,13.40775,0.8786316,0.99444157,1064.9538696279087,3.2710961499806146,122504081,J080734.65+014622.0,3090685889570646144,121.89439,1.772801,50.92,STAR,G4,5540.86,36.89,3.809,0.053,-0.323,0.032,74.74,4.99,0.1364464322957229,19.694233046959983,99.42400906481933,9.879445363664692,solar_like,False,False,False
3087938862849109504,120.07589026766526,1.9612286111094817,0.9219290661154922,39.4867,-12.251389782548628,-0.9429238678643808,14.084997,0.8601761,1.0133305,1084.6821482844186,3.908484714172449,869903084,J080018.22+015740.5,3087938862849109504,120.075931,1.961251,68.32,STAR,G2,5561.27,36.34,3.878,0.051,-0.457,0.031,164.26,4.85,0.1672525393575302,12.28762210618984,63.1817632251902,9.532336232952115,solar_like,False,False,False
3087924500478562560,120.36800400938874,1.9739276200026308,2.096948096239755,144.48767,8.236256382970573,-17.263919146473075,13.074596,0.7457323,1.008487,476.8835250587265,4.682534809631562,122503079,J080128.31+015826.2,3087924500478562560,120.36799,1.973966,55.61,STAR,G2,5979.26,40.93,4.421,0.058,-0.403,0.035,-41.83,5.5,0.147074620131515,19.12795920902131,43.241660084094825,9.482939184809858,solar_like,False,False,False
3090689600422208128,121.69854057326933,1.8337215334720312,1.5454709741513892,94.03207,-12.486373799550766,4.966694218541416,13.057922,0.86505127,1.1599103,647.0519451516035,4.003226627734163,173004112,J080647.65+015001.3,3090689600422208128,121.69855,1.8337201,52.26,STAR,G6,5724.89,27.64,4.436,0.039,-0.386,0.024,11.37,3.73,0.0343091716184188,13.437915839988005,41.218526887550524,8.699581584146888,solar_like,False,False,False
3090689325544302208,121.72047557902134,1.813204349590895,2.568271893514506,177.76813,-8.520251407972463,12.087568589531472,13.030177,0.8495598,0.8975961,389.3668744828912,5.078382111357772,122504112,J080652.92+014847.4,3090689325544302208,121.7205,1.8131804,56.45,STAR,G8,5720.59,31.84,4.554,0.045,-0.092,0.027,38.08,4.27,0.1231057904981376,14.788644240148743,27.296613157715093,8.879818807776669,solar_like,False,False,False
